App,Category,Size_in_MB,Type,Price,Content_Rating,Genres,Last_Updated,Android_Ver
10 Best Foods for You,HEALTH_AND_FITNESS,3.8,Free,0.0,Everyone 10+,Health & Fitness,2017-02-17,2.3
11st,SHOPPING,20.0,Free,0.0,Everyone,Shopping,2018-07-31,4.0
1800 Contacts - Lens Store,MEDICAL,26.0,Free,0.0,Everyone,Medical,2018-07-27,5.0
1LINE ‚Äì One Line with One Touch,GAME,10.0,Free,0.0,Everyone,Board,2018-08-03,4.1
21-Day Meditation Experience,HEALTH_AND_FITNESS,15.0,Free,0.0,Everyone,Health & Fitness,2018-08-02,4.1
"2Date Dating App, Love and matching",DATING,8.1,Free,0.0,Mature 17+,Dating,2018-07-26,3.0
2RedBeans,DATING,32.0,Free,0.0,Mature 17+,Dating,2018-07-31,4.3
2ndLine - Second Phone Number,COMMUNICATION,32.0,Free,0.0,Everyone,Communication,2018-08-03,4.0
365Scores - Live Scores,SPORTS,25.0,Free,0.0,Everyone,Sports,2018-07-29,4.1
3D Live Neon Weed Launcher,PERSONALIZATION,21.0,Free,0.0,Mature 17+,Personalization,2018-06-26,3.0
4K Wallpapers and Ultra HD Backgrounds,PERSONALIZATION,3.8,Free,0.0,Everyone 10+,Personalization,2018-07-04,3.0
7 Day Food Journal Challenge,LIFESTYLE,14.0,Free,0.0,Teen,Lifestyle,2017-03-08,3.0
7 Weeks - Habit & Goal Tracker,PRODUCTIVITY,4.3,Free,0.0,Everyone,Productivity,2015-12-19,4.1
8 Ball Pool,GAME,52.0,Free,0.0,Everyone,Sports,2018-07-31,3.0
8fit Workouts & Meal Planner,HEALTH_AND_FITNESS,67.0,Free,0.0,Everyone,Health & Fitness,2018-07-11,5.0
95Live -SG#1 Live Streaming App,DATING,15.0,Free,0.0,Teen,Dating,2018-08-01,4.2
A Call From Santa Claus!,FAMILY,11.0,Free,0.0,Everyone,Entertainment,2016-12-04,3.0
A Word A Day,FAMILY,2.9,Free,0.0,Everyone,Education,2017-01-05,4.0
A&E - Watch Full Episodes of TV Shows,FAMILY,19.0,Free,0.0,Teen,Entertainment,2018-07-16,4.4
A+ Mobile,FINANCE,6.3,Free,0.0,Everyone,Finance,2018-06-26,4.4
ABC News - US & World News,NEWS_AND_MAGAZINES,35.0,Free,0.0,Everyone 10+,News & Magazines,2018-06-06,5.0
ABC Preschool Free,EDUCATION,25.0,Free,0.0,Everyone,Education;Education,2017-10-25,2.3
ABCmouse.com,FAMILY,91.0,Free,0.0,Everyone,Education;Education,2018-07-03,4.4
AC - Tips & News for Android‚Ñ¢,NEWS_AND_MAGAZINES,14.0,Free,0.0,Everyone 10+,News & Magazines,2018-05-24,4.1
ACE Elite,FINANCE,45.0,Free,0.0,Everyone,Finance,2018-05-09,4.4
AMC Theatres,ENTERTAINMENT,72.0,Free,0.0,Everyone,Entertainment,2018-07-18,5.0
AP Mobile - Breaking News,NEWS_AND_MAGAZINES,4.6,Free,0.0,Everyone 10+,News & Magazines,2017-05-25,4.0
APE Weather ( Live Forecast),WEATHER,9.1,Free,0.0,Everyone,Weather,2018-07-03,5.0
"APUS Launcher - Theme, Wallpaper, Hide Apps",PERSONALIZATION,14.0,Free,0.0,Everyone,Personalization,2018-08-06,3.0
ARY NEWS,NEWS_AND_MAGAZINES,9.8,Free,0.0,Everyone,News & Magazines,2018-08-04,4.1
ARY NEWS URDU,NEWS_AND_MAGAZINES,9.7,Free,0.0,Everyone,News & Magazines,2018-07-25,4.1
ASOS,SHOPPING,22.0,Free,0.0,Everyone,Shopping,2018-07-30,4.4
ASUS Cover for ZenFone 2,PERSONALIZATION,9.8,Free,0.0,Everyone,Personalization,2017-12-01,5.0
ASUS Quick Memo,PRODUCTIVITY,1.6,Free,0.0,Everyone,Productivity,2018-04-11,5.0
"AT&T Navigator: Maps, Traffic",TRAVEL_AND_LOCAL,14.0,Free,0.0,Everyone,Travel & Local,2016-12-06,4.1
AT&T Smart Wi-Fi,TOOLS,6.1,Free,0.0,Everyone,Tools,2018-04-26,4.1
"AVG Cleaner ‚Äì Speed, Battery & Memory Booster",PRODUCTIVITY,24.0,Free,0.0,Everyone,Productivity,2018-06-14,4.1
Abs Training-Burn belly fat,HEALTH_AND_FITNESS,6.9,Free,0.0,Everyone,Health & Fitness,2018-07-24,4.1
Accounting App - Zoho Books,BUSINESS,8.5,Free,0.0,Everyone,Business,2018-08-02,4.1
Acorn TV: World-class TV from Britain and Beyond,ENTERTAINMENT,23.0,Free,0.0,Everyone,Entertainment,2018-06-15,4.4
AdWords Express,BUSINESS,11.0,Free,0.0,Everyone,Business,2018-07-31,4.0
Ada - Your Health Guide,MEDICAL,14.0,Free,0.0,Everyone,Medical,2018-07-16,4.4
Add Text To Photo,PHOTOGRAPHY,1.6,Free,0.0,Everyone,Photography,2017-09-08,2.3
Advanced Task Killer,PRODUCTIVITY,1.5,Free,0.0,Everyone,Productivity,2016-08-07,2.3
Agar.io,GAME,32.0,Free,0.0,Everyone,Action,2018-07-23,3.0
Age Calculator,TOOLS,3.3,Free,0.0,Everyone,Tools,2017-07-25,3.0
Air Traffic,MAPS_AND_NAVIGATION,6.8,Free,0.0,Everyone,Maps & Navigation,2018-07-24,5.0
AirAsia,TRAVEL_AND_LOCAL,37.0,Free,0.0,Everyone,Travel & Local,2018-07-16,4.4
Airport + Flight Tracker Radar,TRAVEL_AND_LOCAL,8.5,Free,0.0,Everyone,Travel & Local,2015-07-14,4.0
Airway Ex - Intubate. Anesthetize. Train.,MEDICAL,86.0,Free,0.0,Everyone,Medical,2018-06-01,5.0
Akinator,FAMILY,55.0,Free,0.0,Teen,Entertainment,2018-06-11,4.4
AlReader -any text book reader,BOOKS_AND_REFERENCE,5.9,Free,0.0,Everyone,Books & Reference,2018-05-27,2.3
Alarm Clock Free,TOOLS,11.0,Free,0.0,Everyone,Tools,2018-03-16,4.0
All Email Providers,COMMUNICATION,7.3,Free,0.0,Everyone,Communication,2018-04-03,4.1
All Events in City,EVENTS,9.5,Free,0.0,Everyone,Events,2018-06-12,3.0
All Football - Latest News & Videos,SPORTS,17.0,Free,0.0,Everyone,Sports,2018-08-03,4.1
"All Football GO- Live Score, Games",SPORTS,10.0,Free,0.0,Everyone,Sports,2018-06-21,4.1
All Language Translator Free,BOOKS_AND_REFERENCE,2.1,Free,0.0,Everyone,Books & Reference,2018-07-29,3.0
All Maths Formulas,BOOKS_AND_REFERENCE,6.8,Free,0.0,Everyone,Books & Reference,2018-07-11,4.4
All Mental disorders,MEDICAL,11.0,Free,0.0,Everyone,Medical,2017-07-07,3.0
All Social Networks,SOCIAL,1.5,Free,0.0,Everyone,Social,2018-05-21,4.0
All Video Downloader 2018,VIDEO_PLAYERS,5.6,Free,0.0,Everyone,Video Players & Editors,2018-07-25,4.4
All-in-One Mahjong 3 FREE,FAMILY,17.0,Free,0.0,Everyone,Board;Brain Games,2018-06-13,4.0
Allegiant,TRAVEL_AND_LOCAL,21.0,Free,0.0,Everyone,Travel & Local,2018-07-12,4.4
Alto's Adventure,GAME,63.0,Free,0.0,Everyone,Action,2018-06-05,4.0
Amazon Drive,PRODUCTIVITY,4.1,Free,0.0,Everyone,Productivity,2018-01-08,4.2
"Amazon FreeTime ‚Äì Kids‚Äô Videos, Books, & TV shows",PARENTING,24.0,Free,0.0,Everyone,Parenting;Music & Video,2018-07-24,5.0
Amazon Prime Video,ENTERTAINMENT,24.0,Free,0.0,Teen,Entertainment,2018-08-02,4.1
Amazon Shopping,SHOPPING,42.0,Free,0.0,Teen,Shopping,2018-07-31,4.4
Amazon for Tablets,SHOPPING,22.0,Free,0.0,Teen,Shopping,2018-07-31,4.4
Amex Mobile,FINANCE,32.0,Free,0.0,Everyone,Finance,2018-08-03,5.0
Amino: Communities and Chats,SOCIAL,62.0,Free,0.0,Teen,Social,2018-08-07,3.0
Amtrak,TRAVEL_AND_LOCAL,28.0,Free,0.0,Everyone,Travel & Local,2018-07-15,5.0
Anatomy Learning - 3D Atlas,MEDICAL,16.0,Free,0.0,Everyone,Medical,2018-07-18,4.1
"Android Auto - Maps, Media, Messaging & Voice",AUTO_AND_VEHICLES,16.0,Free,0.0,Teen,Auto & Vehicles,2018-07-11,5.0
Anger of stick 5 : zombie,GAME,23.0,Free,0.0,Teen,Action,2018-08-03,2.3
Angry Birds 2,GAME,57.0,Free,0.0,Everyone,Casual,2018-07-26,4.1
Angry Birds Classic,GAME,97.0,Free,0.0,Everyone,Arcade,2018-05-24,4.1
Angry Birds Rio,GAME,46.0,Free,0.0,Everyone,Arcade,2018-07-03,4.1
Animal Planet GO,ENTERTAINMENT,9.6,Free,0.0,Teen,Entertainment,2018-07-24,4.1
Animated Photo Editor,ART_AND_DESIGN,6.1,Free,0.0,Everyone,Art & Design,2018-03-21,3.0
Anime Avatar Creator: Make Your Own Avatar,LIFESTYLE,36.0,Free,0.0,Everyone,Lifestyle,2018-06-15,4.1
Anime Manga Coloring Book,ART_AND_DESIGN,11.0,Free,0.0,Everyone,Art & Design,2018-07-19,4.0
Anthem Anywhere,MEDICAL,24.0,Free,0.0,Everyone,Medical,2018-07-27,4.4
Anthem BC Anywhere,MEDICAL,24.0,Free,0.0,Everyone,Medical,2018-07-27,4.4
Apartment Decorating Ideas,HOUSE_AND_HOME,5.7,Free,0.0,Everyone,House & Home,2015-03-13,3.0
"Apartment List: Housing, Apt, and Property Rentals",HOUSE_AND_HOME,7.5,Free,0.0,Everyone,House & Home,2018-08-03,5.0
"Apartment, Home Rental Search: Realtor.com Rentals",HOUSE_AND_HOME,13.0,Free,0.0,Everyone,House & Home,2018-06-29,3.0
Apartments.com Rental Search,HOUSE_AND_HOME,16.0,Free,0.0,Everyone,House & Home,2018-07-16,4.4
Apk Installer,LIBRARIES_AND_DEMO,0.29,Free,0.0,Everyone,Libraries & Demo,2011-06-29,1.6
AppLock - Fingerprint,TOOLS,3.5,Free,0.0,Everyone,Tools,2018-04-13,2.3
Archos File Manager,PRODUCTIVITY,2.3,Free,0.0,Everyone,Productivity,2016-04-22,4.1
Asana: organize team projects,BUSINESS,10.0,Free,0.0,Everyone,Business,2018-07-26,5.0
Ascape VR: 360¬∞ Virtual Travel,TRAVEL_AND_LOCAL,7.6,Free,0.0,Everyone,Travel & Local;Action & Adventure,2017-08-09,4.4
Asphalt 8: Airborne,GAME,92.0,Free,0.0,Teen,Racing,2018-07-04,3.0
Associated Credit Union Mobile,FINANCE,12.0,Free,0.0,Everyone,Finance,2018-05-30,5.0
Asteroids 3D live wallpaper,PERSONALIZATION,6.4,Free,0.0,Everyone,Personalization,2018-07-24,4.4
AutoCAD - DWG Viewer & Editor,PRODUCTIVITY,24.0,Free,0.0,Everyone,Productivity,2018-07-23,4.4
Avakin Life - 3D virtual world,FAMILY,91.0,Free,0.0,Teen,Role Playing,2018-07-03,4.1
Aviary Effects: Classic,LIBRARIES_AND_DEMO,0.23,Free,0.0,Everyone,Libraries & Demo,2013-03-06,2.2
Aviary Stickers: Free Pack,LIBRARIES_AND_DEMO,0.61,Free,0.0,Everyone,Libraries & Demo,2012-01-17,2.2
Azpen eReader,BOOKS_AND_REFERENCE,42.0,Free,0.0,Everyone,Books & Reference,2018-02-15,2.2
BBVA Compass Banking,FINANCE,50.0,Free,0.0,Everyone,Finance,2018-07-27,4.4
BBW Dating & Curvy Singles Chat- LargeFriends,DATING,27.0,Free,0.0,Mature 17+,Dating,2018-07-23,4.1
BBW Dating & Plus Size Chat,DATING,29.0,Free,0.0,Mature 17+,Dating,2018-07-27,4.1
BBWCupid - BBW Dating App,DATING,2.8,Free,0.0,Mature 17+,Dating,2018-06-01,5.0
BELONG Beating Cancer Together,MEDICAL,20.0,Free,0.0,Teen,Medical,2018-07-29,4.3
BEST CAR SOUNDS,AUTO_AND_VEHICLES,38.0,Free,0.0,Everyone,Auto & Vehicles,2018-07-29,2.3
BET NOW - Watch Shows,ENTERTAINMENT,19.0,Free,0.0,Teen,Entertainment,2018-07-08,4.4
BIG Launcher,PERSONALIZATION,5.9,Paid,9.99,Everyone,Personalization,2018-06-20,2.1
BLK - Swipe. Match. Chat.,DATING,24.0,Free,0.0,Mature 17+,Dating,2018-07-25,4.4
BZWBK24 mobile,FINANCE,39.0,Free,0.0,Everyone,Finance,2018-06-18,4.1
Babbel ‚Äì Learn Languages,FAMILY,21.0,Free,0.0,Everyone,Education,2018-07-30,4.4
Babbel ‚Äì Learn Spanish,EDUCATION,11.0,Free,0.0,Everyone,Education,2018-07-30,4.4
Baby ABC in box! Kids alphabet games for toddlers!,FAMILY,53.0,Free,0.0,Everyone,Educational;Education,2018-07-16,4.1
Baby Monitor,PARENTING,5.2,Free,0.0,Everyone,Parenting,2018-03-30,4.1
Baby Name Together,PARENTING,24.0,Free,0.0,Everyone,Parenting,2018-08-06,5.0
Baby Panda Care,FAMILY,49.0,Free,0.0,Everyone,Educational;Pretend Play,2018-06-15,3.0
Baby Panda Learns Shapes,PARENTING,42.0,Free,0.0,Everyone,Parenting;Education,2018-06-21,3.0
Baby Panda Musical Genius,PARENTING,37.0,Free,0.0,Everyone,Parenting;Music & Video,2018-06-15,3.0
Baby Panda‚Äôs Juice Shop,FAMILY,45.0,Free,0.0,Everyone,Educational;Brain Games,2018-07-12,3.0
Baby Tiger Care - My Cute Virtual Pet Friend,FAMILY,63.0,Free,0.0,Everyone 10+,Educational;Education,2018-07-27,4.4
Baby puzzles,FAMILY,19.0,Free,0.0,Everyone,Educational;Education,2018-07-12,3.0
Backgrounds (HD Wallpapers),PERSONALIZATION,3.0,Free,0.0,Teen,Personalization,2017-08-09,4.0
Bad Piggies,FAMILY,66.0,Free,0.0,Everyone,Puzzle,2017-05-03,4.1
Banfield Pet Health Tracker,MEDICAL,5.9,Free,0.0,Everyone,Medical,2016-10-17,4.0
Banjo,SOCIAL,9.3,Free,0.0,Everyone,Social,2015-07-25,2.3
Bank of America Mobile Banking,FINANCE,53.0,Free,0.0,Everyone,Finance,2018-07-31,4.4
BankMobile Vibe App,FINANCE,23.0,Free,0.0,Everyone,Finance,2018-07-09,4.1
Banorte Movil,FINANCE,65.0,Free,0.0,Everyone,Finance,2018-06-09,4.4
Barbie Life‚Ñ¢,FAMILY,63.0,Free,0.0,Everyone,Casual;Pretend Play,2018-07-12,4.1
Barbie Magical Fashion,FAMILY,15.0,Free,0.0,Everyone,Casual;Creativity,2017-10-06,4.1
Barbie‚Ñ¢ Fashion Closet,FAMILY,85.0,Free,0.0,Everyone,Casual;Creativity,2018-07-30,4.1
Barclays US for Android,FINANCE,24.0,Free,0.0,Everyone,Finance,2018-08-01,5.0
Barcode Scanner,LIBRARIES_AND_DEMO,9.4,Free,0.0,Everyone,Libraries & Demo,2018-01-09,3.2
Baritastic - Bariatric Tracker,MEDICAL,12.0,Free,0.0,Everyone,Medical,2018-07-26,4.1
Baseball Boy!,GAME,78.0,Free,0.0,Everyone,Arcade,2018-07-27,4.1
Basketball Stars,SPORTS,45.0,Free,0.0,Everyone,Sports,2018-07-14,3.0
Bathroom Decorating Ideas,HOUSE_AND_HOME,5.3,Free,0.0,Everyone,House & Home,2015-03-12,3.0
Battlelands Royale,GAME,61.0,Free,0.0,Everyone 10+,Action,2018-07-16,4.1
Be A Legend: Soccer,SPORTS,21.0,Free,0.0,Everyone,Sports,2015-08-24,3.0
BeWild Free Dating & Chat App,DATING,8.0,Free,0.0,Mature 17+,Dating,2017-02-03,4.2
Beautiful Design Birthday Cake,LIFESTYLE,3.0,Free,0.0,Everyone,Lifestyle,2018-08-04,2.3
Beautiful Widgets Free,PERSONALIZATION,14.0,Free,0.0,Everyone,Personalization,2016-10-20,2.3
Beautiful Widgets Pro,PERSONALIZATION,14.0,Paid,2.49,Everyone,Personalization,2016-08-24,2.3
BeautyPlus - Easy Photo Editor & Selfie Camera,PHOTOGRAPHY,53.0,Free,0.0,Everyone,Photography,2018-07-31,4.1
Bed Time Fan - White Noise Sleep Sounds,LIFESTYLE,7.5,Free,0.0,Everyone,Lifestyle,2018-04-26,4.0
Best Car Wallpapers,AUTO_AND_VEHICLES,2.9,Free,0.0,Everyone,Auto & Vehicles,2018-03-27,4.1
Best Ovulation Tracker Fertility Calendar App Glow,HEALTH_AND_FITNESS,23.0,Free,0.0,Everyone,Health & Fitness,2018-08-01,5.0
"Best Wallpapers Backgrounds(100,000+ 4K HD)",COMICS,7.8,Free,0.0,Teen,Comics,2018-06-16,3.0
Best Wallpapers QHD,PERSONALIZATION,5.1,Free,0.0,Teen,Personalization,2018-03-17,3.0
"BestCam Selfie-selfie, beauty camera, photo editor",BEAUTY,21.0,Free,0.0,Everyone,Beauty,2018-07-12,3.0
BetterMe: Weight Loss Workouts,HEALTH_AND_FITNESS,15.0,Free,0.0,Everyone,Health & Fitness,2018-07-26,5.0
Betterment,FINANCE,11.0,Free,0.0,Everyone,Finance,2018-08-03,5.0
"BigOven Recipes, Meal Planner, Grocery List & More",FOOD_AND_DRINK,76.0,Free,0.0,Teen,Food & Drink,2017-11-23,5.0
"BiggerCity: Chat for gay bears, chubs & chasers",DATING,44.0,Free,0.0,Mature 17+,Dating,2018-08-02,4.1
Bike Computer - GPS Cycling Tracker,HEALTH_AND_FITNESS,4.3,Free,0.0,Everyone,Health & Fitness,2018-08-04,4.2
Binaural Beats Meditation,LIBRARIES_AND_DEMO,95.0,Free,0.0,Everyone,Libraries & Demo,2018-06-08,3.0
BioLife Plasma Services,MEDICAL,23.0,Free,0.0,Everyone,Medical,2018-07-09,4.4
Birds Sounds Ringtones & Wallpapers,PERSONALIZATION,23.0,Free,0.0,Everyone 10+,Personalization,2017-09-25,4.0
Black People Meet Singles Date,DATING,5.0,Free,0.0,Mature 17+,Dating,2018-07-25,4.4
Block Puzzle,GAME,7.8,Free,0.0,Everyone,Puzzle,2018-03-06,2.3
Block Puzzle Classic Legend !,GAME,4.9,Free,0.0,Everyone,Puzzle,2018-04-13,2.3
Blogaway for Android (Blogger),SOCIAL,4.1,Free,0.0,Teen,Social,2018-05-31,3.0
Blogger,SOCIAL,2.7,Free,0.0,Mature 17+,Social,2016-02-29,2.1
Blood Donor,MEDICAL,20.0,Free,0.0,Everyone,Medical,2018-07-31,4.1
Blood Pressure,MEDICAL,7.4,Free,0.0,Everyone,Medical,2018-07-24,4.1
Blood Pressure Log - MyDiary,MEDICAL,2.6,Free,0.0,Everyone,Medical,2018-04-13,4.0
Blood Pressure(BP) Diary,MEDICAL,8.4,Free,0.0,Everyone,Medical,2018-07-18,3.0
Bloomberg: Market & Financial News,NEWS_AND_MAGAZINES,27.0,Free,0.0,Everyone,News & Magazines,2018-07-25,4.4
Blossom Blast Saga,GAME,63.0,Free,0.0,Everyone,Casual,2018-07-05,3.0
Blur Image Background,PHOTOGRAPHY,11.0,Free,0.0,Everyone,Photography,2018-07-30,4.1
Blur Image Background Editor (Blur Photo Editor),PHOTOGRAPHY,9.6,Free,0.0,Everyone,Photography,2018-07-28,4.1
Boys Photo Editor - Six Pack & Men's Suit,ART_AND_DESIGN,12.0,Free,0.0,Everyone,Art & Design,2018-03-20,3.0
Brain Waves - Binaural Beats,HEALTH_AND_FITNESS,10.0,Free,0.0,Everyone,Health & Fitness,2018-07-15,4.4
Branch,FINANCE,3.8,Free,0.0,Everyone,Finance,2018-07-23,4.0
"Breaking News, Local news, Attacks and Alerts Free",NEWS_AND_MAGAZINES,6.3,Free,0.0,Everyone,News & Magazines,2018-07-19,4.1
Brightest Flashlight Free ¬Æ,TOOLS,3.8,Free,0.0,Everyone,Tools,2017-10-27,4.2
Brit + Co,LIFESTYLE,4.5,Free,0.0,Everyone,Lifestyle,2017-08-29,4.0
British Airways,TRAVEL_AND_LOCAL,51.0,Free,0.0,Everyone,Travel & Local,2018-07-24,4.4
Browser 4G,COMMUNICATION,6.6,Free,0.0,Everyone,Communication,2018-06-19,1.0
Bualuang mBanking,FINANCE,10.0,Free,0.0,Everyone,Finance,2018-07-16,3.0
Bubble Shooter,FAMILY,20.0,Free,0.0,Everyone,Puzzle;Brain Games,2018-01-09,2.3
Bubble Shooter Genies,GAME,41.0,Free,0.0,Everyone,Casual,2018-06-04,3.0
Bubble Witch 3 Saga,GAME,78.0,Free,0.0,Everyone,Puzzle,2018-07-17,3.0
Build a Bridge!,FAMILY,74.0,Free,0.0,Everyone,Puzzle,2018-08-02,4.1
Business Calendar 2,PRODUCTIVITY,15.0,Free,0.0,Everyone,Productivity,2018-07-23,4.1
Butterfly Live Wallpaper,PERSONALIZATION,3.5,Free,0.0,Everyone,Personalization,2018-05-04,4.1
Buzz Launcher-Smart&Free Theme,PERSONALIZATION,13.0,Free,0.0,Everyone,Personalization,2017-11-13,3.0
"BuzzFeed: News, Tasty, Quizzes",NEWS_AND_MAGAZINES,13.0,Free,0.0,Teen,News & Magazines,2018-07-30,4.4
C Programming,EDUCATION,1.8,Free,0.0,Everyone,Education,2015-06-28,2.3
C++ Programming,EDUCATION,1.8,Free,0.0,Everyone,Education,2015-08-22,2.3
C++ Tutorials,EDUCATION,1.9,Free,0.0,Everyone,Education,2014-08-21,2.3
CALCU‚Ñ¢ Stylish Calculator Free,TOOLS,11.0,Free,0.0,Everyone,Tools,2018-07-07,4.1
CBS News,NEWS_AND_MAGAZINES,23.0,Free,0.0,Everyone 10+,News & Magazines,2018-06-29,4.1
CBS Sports Fantasy,SPORTS,27.0,Free,0.0,Everyone,Sports,2018-06-27,5.0
CDL Practice Test 2018 Edition,AUTO_AND_VEHICLES,17.0,Free,0.0,Everyone,Auto & Vehicles,2018-07-03,4.2
"CM Browser - Ad Blocker , Fast Download , Privacy",COMMUNICATION,6.1,Free,0.0,Everyone,Communication,2018-07-31,4.0
"CM Flashlight (Compass, SOS)",TOOLS,1.8,Free,0.0,Everyone,Tools,2018-05-25,2.3
"CM Launcher 3D - Theme, Wallpapers, Efficient",PERSONALIZATION,17.0,Free,0.0,Teen,Personalization,2018-08-03,3.0
CMB Free Dating App,DATING,40.0,Free,0.0,Mature 17+,Dating,2018-08-01,4.4
CNN Breaking US & World News,NEWS_AND_MAGAZINES,25.0,Free,0.0,Everyone 10+,News & Magazines,2018-08-06,4.4
COOKING MAMA Let's Cook!,FAMILY,59.0,Free,0.0,Everyone,Educational;Pretend Play,2018-07-26,4.1
CVS Caremark,MEDICAL,10.0,Free,0.0,Everyone,Medical,2018-07-28,4.4
CW Seed,FAMILY,13.0,Free,0.0,Teen,Entertainment,2018-07-18,4.4
CWT To Go,TRAVEL_AND_LOCAL,57.0,Free,0.0,Everyone,Travel & Local,2018-08-05,4.4
Cache Cleaner-DU Speed Booster (booster & cleaner),TOOLS,15.0,Free,0.0,Everyone,Tools,2018-07-25,4.0
"Calculator - free calculator, multi calculator app",TOOLS,7.5,Free,0.0,Everyone,Tools,2018-07-31,4.2
Calculator with Percent (Free),TOOLS,7.4,Free,0.0,Everyone,Tools,2017-11-18,4.1
Calendar Widget Month + Agenda,PRODUCTIVITY,1.9,Free,0.0,Everyone,Productivity,2018-05-31,3.0
Calendar+ Schedule Planner App,PRODUCTIVITY,5.7,Free,0.0,Everyone,Productivity,2017-01-16,3.0
Call Blocker,BUSINESS,3.2,Free,0.0,Everyone,Business,2018-06-21,4.0
Call Control - Call Blocker,COMMUNICATION,11.0,Free,0.0,Everyone,Communication,2018-07-05,4.1
Call of Duty:Black Ops Zombies,GAME,46.0,Paid,6.99,Teen,Action,2016-12-20,2.3
"CallApp: Caller ID, Blocker & Phone Call Recorder",COMMUNICATION,20.0,Free,0.0,Everyone,Communication,2018-07-29,4.1
Caller ID +,COMMUNICATION,0.12,Free,0.0,Everyone,Communication,2016-06-07,2.3
Calls & Text by Mo+,COMMUNICATION,14.0,Free,0.0,Everyone,Communication,2018-04-19,4.0
Calorie Counter - EasyFit free,HEALTH_AND_FITNESS,11.0,Free,0.0,Everyone,Health & Fitness,2018-07-09,4.1
Calorie Counter - Macros,HEALTH_AND_FITNESS,5.5,Free,0.0,Everyone,Health & Fitness,2016-08-27,5.0
Calorie Counter - MyNetDiary,HEALTH_AND_FITNESS,19.0,Free,0.0,Everyone,Health & Fitness,2018-07-16,5.0
Cameringo Lite. Filters Camera,PHOTOGRAPHY,5.7,Free,0.0,Everyone,Photography,2018-06-11,4.0
Candy Bomb,GAME,20.0,Free,0.0,Everyone,Casual;Brain Games,2018-07-04,3.0
Candy Crush Jelly Saga,GAME,78.0,Free,0.0,Everyone,Puzzle,2018-07-20,4.0
Candy Crush Saga,GAME,74.0,Free,0.0,Everyone,Casual,2018-07-05,4.1
Candy Crush Soda Saga,GAME,67.0,Free,0.0,Everyone,Casual,2018-07-10,4.1
Candy Day,FAMILY,48.0,Free,0.0,Everyone,Casual;Brain Games,2018-08-03,4.0
Candy Pop Story,FAMILY,23.0,Free,0.0,Everyone,Casual;Brain Games,2018-05-24,2.3
Candy Smash,FAMILY,15.0,Free,0.0,Everyone,Casual;Brain Games,2018-04-17,3.0
"Candy selfie - photo editor, live filter camera",PHOTOGRAPHY,26.0,Free,0.0,Everyone,Photography,2018-08-06,3.0
"Canva: Poster, banner, card maker & graphic design",ART_AND_DESIGN,24.0,Free,0.0,Everyone,Art & Design,2018-07-31,4.1
Cat Sim Online: Play with Cats,FAMILY,81.0,Free,0.0,Everyone 10+,Simulation,2018-04-22,4.0
Caviar - Food Delivery,FOOD_AND_DRINK,8.5,Free,0.0,Everyone,Food & Drink,2018-07-20,6.0
Chakra Cleansing,LIBRARIES_AND_DEMO,99.0,Free,0.0,Everyone,Libraries & Demo,2018-08-02,3.0
Chapters: Interactive Stories,GAME,96.0,Free,0.0,Mature 17+,Role Playing,2018-08-02,4.3
Chase Mobile,FINANCE,32.0,Free,0.0,Everyone,Finance,2018-07-23,5.0
ChatVideo Meet new people,DATING,20.0,Free,0.0,Mature 17+,Dating,2018-05-31,4.0
Cheap Flights & Hotels momondo,TRAVEL_AND_LOCAL,24.0,Free,0.0,Everyone,Travel & Local,2018-04-25,4.4
Cheapflights ‚Äì Flight Search,TRAVEL_AND_LOCAL,19.0,Free,0.0,Everyone,Travel & Local,2018-07-31,3.8879748691099474
CheckPoints üèÜ Rewards App,SHOPPING,25.0,Free,0.0,Everyone,Shopping,2018-06-21,4.3
Checkers ‚úîÔ∏è,FAMILY,19.0,Free,0.0,Everyone,Board;Brain Games,2018-07-24,4.1
Choices: Stories You Play,GAME,93.0,Free,0.0,Teen,Simulation,2018-07-30,3.0
Christian Dating For Free App,DATING,13.0,Free,0.0,Mature 17+,Dating,2018-06-20,4.1
Cinemark Theatres,ENTERTAINMENT,39.0,Free,0.0,Teen,Entertainment,2018-07-12,5.0
Cisco Webex Meetings,BUSINESS,28.0,Free,0.0,Everyone,Business,2018-07-20,4.3
Cisco Webex Teams,BUSINESS,46.0,Free,0.0,Everyone,Business,2018-08-02,4.4
Citi Mobile¬Æ,FINANCE,46.0,Free,0.0,Everyone,Finance,2018-07-31,4.4
Citibanamex Movil,FINANCE,42.0,Free,0.0,Everyone,Finance,2018-07-27,5.0
Citizens Bank Mobile Banking,FINANCE,38.0,Free,0.0,Everyone,Finance,2018-05-23,4.1
CityMaps2Go Plan Trips Travel Guide Offline Maps,TRAVEL_AND_LOCAL,58.0,Free,0.0,Everyone,Travel & Local,2018-06-09,5.0
Clash Royale,GAME,97.0,Free,0.0,Everyone 10+,Strategy,2018-06-27,4.1
Clash of Clans,GAME,98.0,Free,0.0,Everyone 10+,Strategy,2018-07-15,4.1
Color Road,GAME,71.0,Free,0.0,Everyone,Arcade,2018-07-19,4.1
Color Touch Effects,PHOTOGRAPHY,12.0,Free,0.0,Everyone,Photography,2018-04-23,4.1
Color by Number - Draw Sandbox Pixel Art,FAMILY,15.0,Free,0.0,Everyone,Entertainment,2018-07-27,4.1
Color by Number ‚Äì New Coloring Book,GAME,24.0,Free,0.0,Everyone 10+,Board,2018-08-01,4.1
ColorSnap¬Æ Visualizer,HOUSE_AND_HOME,77.0,Free,0.0,Everyone,House & Home,2018-06-29,3.0
Colorfit - Drawing & Coloring,ART_AND_DESIGN,25.0,Free,0.0,Everyone,Art & Design;Creativity,2017-10-11,3.0
Colorful Glitter Neon Butterfly Keyboard Theme,PERSONALIZATION,9.8,Free,0.0,Everyone,Personalization,2018-07-25,3.0
Coloring & Learn,FAMILY,51.0,Free,0.0,Everyone,Educational;Creativity,2018-07-17,3.0
Coloring book moana,FAMILY,14.0,Free,0.0,Everyone,Art & Design;Pretend Play,2018-01-15,3.0
Comedy Central,ENTERTAINMENT,19.0,Free,0.0,Teen,Entertainment,2018-07-08,4.4
Common Core,EDUCATION,15.0,Free,0.0,Everyone,Education,2016-12-20,2.3
Comptia A+ 220-901 & 220-902,FAMILY,5.7,Free,0.0,Everyone,Education,2018-04-19,4.1
ConnectLine,MEDICAL,4.2,Free,0.0,Everyone,Medical,2016-09-12,2.3
Contacts+,COMMUNICATION,11.0,Free,0.0,Everyone,Communication,2018-07-31,3.0
Content Transfer,PRODUCTIVITY,7.2,Free,0.0,Everyone,Productivity,2018-06-28,3.0
ConvertPad - Unit Converter,TOOLS,4.3,Free,0.0,Everyone,Tools,2017-06-18,4.2
Cooking Channel,ENTERTAINMENT,16.0,Free,0.0,Teen,Entertainment,2018-07-27,3.8879748691099474
Cooking Fever,GAME,82.0,Free,0.0,Everyone,Arcade,2018-07-12,3.0
Cooking Madness - A Chef's Restaurant Games,GAME,49.0,Free,0.0,Everyone,Arcade,2018-07-30,4.1
Cookpad,FOOD_AND_DRINK,8.2,Free,0.0,Everyone,Food & Drink,2018-08-03,4.2
Cool Popular Ringtones 2018 üî•,LIBRARIES_AND_DEMO,28.0,Free,0.0,Everyone,Libraries & Demo,2018-07-13,5.0
Couch to 10K Running Trainer,HEALTH_AND_FITNESS,48.0,Free,0.0,Everyone,Health & Fitness,2018-07-02,4.4
Couch to 5K by RunDouble,HEALTH_AND_FITNESS,6.1,Free,0.0,Everyone,Health & Fitness,2018-07-31,4.1
Cougar Dating Life : Date Older Women Sugar Mummy,DATING,31.0,Free,0.0,Mature 17+,Dating,2018-07-03,4.1
Couple - Relationship App,SOCIAL,8.4,Free,0.0,Everyone,Social,2015-03-05,2.3
Credit Sesame,FINANCE,11.0,Free,0.0,Everyone,Finance,2018-07-25,4.1
CreditWise from Capital One,FINANCE,8.4,Free,0.0,Everyone,Finance,2018-07-19,4.4
Crew - Free Messaging and Scheduling,BUSINESS,48.0,Free,0.0,Everyone,Business,2018-07-20,3.0
Cricket Visual Voicemail,COMMUNICATION,5.1,Free,0.0,Everyone,Communication,2018-07-02,4.1
Crossy Road,GAME,60.0,Free,0.0,Everyone,Action,2018-08-01,5.0
Current debit card and app made for teens,FINANCE,21.0,Free,0.0,Everyone,Finance,2018-08-03,4.4
Curriculum vitae App CV Builder Free Resume Maker,BUSINESS,3.9,Free,0.0,Everyone,Business,2018-07-08,4.1
Cut the Rope FULL FREE,GAME,49.0,Free,0.0,Everyone,Puzzle,2018-07-05,4.1
Cycling - Bike Tracker,HEALTH_AND_FITNESS,4.0,Free,0.0,Everyone,Health & Fitness,2018-07-30,4.1
Czech Public Transport IDOS,MAPS_AND_NAVIGATION,7.7,Free,0.0,Everyone,Maps & Navigation,2017-11-06,3.0
DC Super Hero Girls‚Ñ¢,FAMILY,95.0,Free,0.0,Everyone,Action;Action & Adventure,2018-06-29,4.0
DEER HUNTER 2018,GAME,82.0,Free,0.0,Teen,Action,2018-06-26,3.0
DINO HUNTER: DEADLY SHORES,GAME,54.0,Free,0.0,Teen,Action,2017-03-14,3.0
DIY Garden Ideas,LIFESTYLE,13.0,Free,0.0,Everyone,Lifestyle,2018-08-05,4.0
DIY On A Budget,HOUSE_AND_HOME,8.3,Free,0.0,Teen,House & Home,2018-02-18,4.1
DMV Permit Practice Test 2018 Edition,AUTO_AND_VEHICLES,27.0,Free,0.0,Everyone,Auto & Vehicles,2018-07-03,4.2
DRAGON BALL LEGENDS,GAME,48.0,Free,0.0,Teen,Action,2018-08-03,6.0
DSLR Camera Hd Ultra Professional,PHOTOGRAPHY,4.5,Free,0.0,Everyone,Photography,2018-06-27,3.0
DU Browser‚ÄîBrowse fast & fun,COMMUNICATION,4.7,Free,0.0,Everyone,Communication,2016-04-01,4.0
"DU Recorder ‚Äì Screen Recorder, Video Editor, Live",VIDEO_PLAYERS,9.7,Free,0.0,Everyone,Video Players & Editors,2018-07-30,5.0
Daily Yoga - Yoga Fitness Plans,HEALTH_AND_FITNESS,35.0,Free,0.0,Everyone,Health & Fitness,2018-07-24,4.0
Dairy Queen,FOOD_AND_DRINK,43.0,Free,0.0,Everyone,Food & Drink,2018-07-25,4.1
Daniel Tiger for Parents,PARENTING,28.0,Free,0.0,Everyone,Parenting;Music & Video,2018-03-19,4.4
DashClock Widget,PERSONALIZATION,1.9,Free,0.0,Everyone,Personalization,2016-05-11,4.2
Dating for 50 plus Mature Singles ‚Äì FINALLY,DATING,13.0,Free,0.0,Mature 17+,Dating,2018-07-31,4.1
Davis's Drug Guide,MEDICAL,6.4,Free,0.0,Everyone,Medical,2017-12-11,4.1
Davis's Drug Guide for Nurses,MEDICAL,44.0,Free,0.0,Everyone,Medical,2018-07-13,4.4
Debonairs Pizza,FOOD_AND_DRINK,8.4,Free,0.0,Everyone,Food & Drink,2018-08-04,3.0
Diabetes & Diet Tracker,MEDICAL,19.0,Paid,9.99,Everyone,Medical,2018-07-16,5.0
Diamond Zipper Lock Screen,PERSONALIZATION,12.0,Free,0.0,Everyone,Personalization,2018-06-11,4.1
Diary with lock,LIFESTYLE,4.4,Free,0.0,Everyone,Lifestyle,2018-06-30,4.1
Diary with lock password,LIFESTYLE,9.7,Free,0.0,Everyone,Lifestyle,2017-11-01,3.0
Digit Save Money Automatically,FINANCE,22.0,Free,0.0,Everyone,Finance,2018-07-31,4.1
Digital Alarm Clock,TOOLS,16.0,Free,0.0,Everyone,Tools,2018-06-19,4.4
Dino War: Rise of Beasts,GAME,81.0,Free,0.0,Teen,Strategy,2018-08-01,4.1
Dinosaur Simulator: Dino World,GAME,66.0,Free,0.0,Teen,Action,2018-08-05,4.2
Discover Mobile,FINANCE,68.0,Free,0.0,Everyone,Finance,2018-07-23,4.1
Disney Magic Kingdoms: Build Your Own Magical Park,FAMILY,91.0,Free,0.0,Everyone,Simulation;Action & Adventure,2018-08-02,3.0
Doctor Pets,FAMILY,21.0,Free,0.0,Everyone,Educational;Education,2018-07-26,4.1
Dog Licks Screen Wallpaper,PERSONALIZATION,10.0,Free,0.0,Everyone,Personalization,2017-11-20,3.0
Dog Run - Pet Dog Simulator,FAMILY,24.0,Free,0.0,Everyone,Simulation;Action & Adventure,2018-05-22,4.1
Dog Sim Online: Raise a Family,FAMILY,74.0,Free,0.0,Teen,Simulation,2018-04-22,4.0
Dominos Game ‚úîÔ∏è,FAMILY,16.0,Free,0.0,Everyone,Board;Brain Games,2018-07-05,4.1
Door Lock Screen,PERSONALIZATION,3.9,Free,0.0,Everyone,Personalization,2018-07-28,4.0
Down Dog: Great Yoga Anywhere,HEALTH_AND_FITNESS,12.0,Free,0.0,Teen,Health & Fitness,2018-05-17,4.2
Dr. Panda & Toto's Treehouse,FAMILY,9.5,Paid,3.99,Everyone,Casual;Pretend Play,2014-12-09,4.0
Dr. Panda Restaurant 3,FAMILY,91.0,Free,0.0,Everyone,Educational;Pretend Play,2018-03-23,4.1
Dr. Panda Town: Vacation,FAMILY,78.0,Free,0.0,Everyone,Education;Pretend Play,2018-07-24,4.1
DraftKings - Daily Fantasy Sports,SPORTS,41.0,Free,0.0,Adults only 18+,Sports,2018-07-24,4.4
Dragon Hills,GAME,66.0,Free,0.0,Everyone 10+,Action,2017-10-12,4.1
Draw A Stickman,GAME,17.0,Free,0.0,Everyone,Adventure,2017-05-19,3.0
Draw In,GAME,73.0,Free,0.0,Everyone,Arcade,2018-07-23,4.1
Drawing for Kids Learning Games for Toddlers age 3,FAMILY,43.0,Free,0.0,Everyone,Educational;Education,2018-03-21,4.1
Dream League Soccer 2018,GAME,74.0,Free,0.0,Everyone,Sports,2018-07-16,4.4
DreamTrips,TRAVEL_AND_LOCAL,22.0,Free,0.0,Teen,Travel & Local,2018-08-06,5.0
DreamWorks Friends,FAMILY,48.0,Free,0.0,Everyone,Role Playing;Pretend Play,2017-08-04,4.3
Dresses Ideas & Fashions +3000,BEAUTY,8.2,Free,0.0,Mature 17+,Beauty,2017-03-01,1.6
DroidAdmin for Android - Advice,EVENTS,2.8,Free,0.0,Everyone,Events,2018-05-29,4.0
Dropbox,PRODUCTIVITY,61.0,Free,0.0,Everyone,Productivity,2018-08-01,3.8879748691099474
Dude Perfect 2,GAME,70.0,Free,0.0,Everyone,Action,2017-04-12,3.0
Dunkin' Donuts,FOOD_AND_DRINK,66.0,Free,0.0,Everyone,Food & Drink,2018-06-20,4.4
DuraSpeed,TOOLS,1.3,Free,0.0,Everyone,Tools,2017-11-13,6.0
E*TRADE Mobile,FINANCE,58.0,Free,0.0,Everyone,Finance,2018-08-02,4.4
Easy Hair Style Design,LIFESTYLE,5.1,Free,0.0,Everyone,Lifestyle,2017-12-20,2.3
Easy Healthy Recipes,FOOD_AND_DRINK,7.2,Free,0.0,Everyone,Food & Drink,2018-07-20,4.0
Easy Makeup Tutorials,LIFESTYLE,5.0,Free,0.0,Everyone,Lifestyle,2016-11-03,2.3
Easy Origami Ideas,ART_AND_DESIGN,11.0,Free,0.0,Everyone,Art & Design,2018-01-06,4.1
Easy Recipes,FOOD_AND_DRINK,8.9,Free,0.0,Everyone,Food & Drink,2018-05-15,3.0
Easy Voice Recorder,PRODUCTIVITY,7.1,Free,0.0,Everyone,Productivity,2018-06-20,4.1
EasyBib: Citation Generator,EDUCATION,7.3,Free,0.0,Everyone,Education,2018-03-29,4.0
Eat Fit - Diet and Health Free,HEALTH_AND_FITNESS,3.6,Free,0.0,Everyone,Health & Fitness,2014-07-23,2.3
EatStreet Food Delivery App,FOOD_AND_DRINK,25.0,Free,0.0,Everyone,Food & Drink,2018-07-03,5.0
"Ebates: Cash Back, Coupons, Rewards & Savings",SHOPPING,31.0,Free,0.0,Everyone,Shopping,2018-08-03,4.4
Ebook Reader,BOOKS_AND_REFERENCE,37.0,Free,0.0,Everyone,Books & Reference,2018-06-25,4.0
Ecobank Mobile Banking,FINANCE,42.0,Free,0.0,Everyone,Finance,2018-05-25,4.2
Edmodo,FAMILY,18.0,Free,0.0,Everyone,Education,2018-08-06,3.0
Educational Games 4 Kids,FAMILY,39.0,Free,0.0,Everyone,Educational;Education,2018-04-03,4.1
Educational Games for Kids,FAMILY,24.0,Free,0.0,Everyone,Educational;Education,2018-05-27,4.0
English with Lingualeo,EDUCATION,27.0,Free,0.0,Everyone,Education,2018-07-20,4.1
English-Myanmar Dictionary,BOOKS_AND_REFERENCE,10.0,Free,0.0,Everyone,Books & Reference,2018-07-28,4.0
Entel,LIFESTYLE,55.0,Free,0.0,Everyone,Lifestyle,2018-07-26,3.0
Equestria Girls,FAMILY,53.0,Free,0.0,Everyone,Role Playing;Action & Adventure,2016-07-22,4.0
Essential Anatomy 3,MEDICAL,42.0,Paid,11.99,Mature 17+,Medical,2014-08-07,3.0
Essential Resources,LIBRARIES_AND_DEMO,0.01,Free,0.0,Everyone,Libraries & Demo,2017-09-27,7.1
Etsy: Handmade & Vintage Goods,SHOPPING,15.0,Free,0.0,Teen,Shopping,2018-08-03,4.1
Etta Homes,LIFESTYLE,15.0,Free,0.0,Everyone,Lifestyle,2018-07-26,5.0
"Eve Period Tracker - Love, Sex & Relationships App",HEALTH_AND_FITNESS,28.0,Free,0.0,Teen,Health & Fitness,2018-08-04,4.1
"Even - organize your money, get paid early",FINANCE,21.0,Free,0.0,Everyone,Finance,2018-08-02,5.0
ExDialer - Dialer & Contacts,COMMUNICATION,2.7,Free,0.0,Everyone,Communication,2017-03-05,2.1
"Expedia Hotels, Flights & Car Rental Travel Deals",TRAVEL_AND_LOCAL,14.0,Free,0.0,Everyone,Travel & Local,2018-08-06,5.0
Expense IQ Money Manager,FINANCE,27.0,Free,0.0,Everyone,Finance,2018-06-19,4.0
Experian - Free Credit Report,FINANCE,46.0,Free,0.0,Everyone,Finance,2018-07-12,4.2
Extreme Car Driving Simulator,GAME,52.0,Free,0.0,Everyone,Racing,2018-05-03,4.0
Extreme Racing 2 - Real driving RC cars game!,FAMILY,93.0,Free,0.0,Everyone,Racing;Action & Adventure,2017-08-31,4.1
EyeCloud,LIBRARIES_AND_DEMO,55.0,Free,0.0,Everyone,Libraries & Demo,2018-08-02,4.4
EyeEm - Camera & Photo Filter,PHOTOGRAPHY,44.0,Free,0.0,Everyone,Photography,2018-07-14,3.0
EzCalculator,TOOLS,2.0,Free,0.0,Everyone,Tools,2017-09-17,5.0
"FIFA - Tournaments, Soccer News & Live Scores",SPORTS,6.0,Free,0.0,Everyone,Sports,2018-08-03,4.4
FINAL FANTASY BRAVE EXVIUS,GAME,83.0,Free,0.0,Teen,Role Playing,2018-07-17,3.0
FOSSIL Q: DESIGN YOUR DIAL,LIFESTYLE,16.0,Free,0.0,Everyone,Lifestyle,2018-05-31,7.0
FOX,ENTERTAINMENT,44.0,Free,0.0,Mature 17+,Entertainment,2018-06-25,4.4
"FOX Sports: Live Streaming, Scores & News",SPORTS,82.0,Free,0.0,Teen,Sports,2018-08-02,5.0
FREEDOME VPN Unlimited anonymous Wifi Security,TOOLS,9.9,Free,0.0,Everyone,Tools,2018-07-09,3.0
"FUN Keyboard ‚Äì Emoji Keyboard, Sticker,Theme & GIF",PERSONALIZATION,27.0,Free,0.0,Everyone,Personalization,2018-07-03,4.0
"Fabulous: Motivate Me! Meditate, Relax, Sleep",HEALTH_AND_FITNESS,31.0,Free,0.0,Everyone,Health & Fitness,2018-07-16,4.1
"Face Filter, Selfie Editor - Sweet Camera",PHOTOGRAPHY,22.0,Free,0.0,Everyone,Photography,2018-07-06,4.4
Fallout Shelter,FAMILY,25.0,Free,0.0,Teen,Simulation,2018-06-11,4.1
Family Dollar,SHOPPING,21.0,Free,0.0,Everyone,Shopping,2018-07-23,4.1
Family Locator - GPS Tracker,LIFESTYLE,45.0,Free,0.0,Everyone,Lifestyle,2018-08-02,4.4
FamilySearch Tree,BOOKS_AND_REFERENCE,17.0,Free,0.0,Everyone,Books & Reference,2018-07-20,4.1
FanDuel: Daily Fantasy Sports,SPORTS,57.0,Free,0.0,Mature 17+,Sports,2018-08-06,5.0
Fancy Widgets,PERSONALIZATION,3.9,Free,0.0,Everyone,Personalization,2014-04-04,1.6
Fantasy Football,SPORTS,23.0,Free,0.0,Everyone,Sports,2018-08-02,5.0
Fantasy Football & NFL News,SPORTS,8.1,Free,0.0,Everyone,Sports,2018-05-15,2.3
Fantasy Football Manager (FPL),SPORTS,4.6,Free,0.0,Everyone,Sports,2018-08-03,4.1
Farm Fruit Pop: Party Time,GAME,14.0,Free,0.0,Everyone,Casual,2018-08-02,3.0
Farm Heroes Saga,FAMILY,71.0,Free,0.0,Everyone,Casual,2018-08-07,2.3
Farming Simulator 14,FAMILY,51.0,Free,0.0,Everyone,Simulation;Action & Adventure,2017-07-17,2.3
Farming Simulator 18,GAME,15.0,Paid,4.99,Everyone,Simulation;Education,2018-07-09,4.4
Fashion in Vogue,LIFESTYLE,6.8,Free,0.0,Everyone,Lifestyle,2016-09-27,4.3
Fast Scanner : Free PDF Scan,BUSINESS,14.0,Free,0.0,Everyone,Business,2018-07-11,4.1
Fast Secure VPN,TOOLS,9.6,Free,0.0,Everyone,Tools,2018-05-18,4.1
"FastMeet: Chat, Dating, Love",DATING,5.9,Free,0.0,Mature 17+,Dating,2018-07-27,3.0
Fat Burning Workout - Home Weight lose,HEALTH_AND_FITNESS,9.4,Free,0.0,Everyone,Health & Fitness,2018-07-24,4.1
Fate/Grand Order (English),GAME,55.0,Free,0.0,Teen,Role Playing,2018-07-26,4.0
File Browser by Astro (File Manager),PRODUCTIVITY,9.2,Free,0.0,Everyone,Productivity,2018-07-02,4.0
File Explorer,PRODUCTIVITY,0.7,Free,0.0,Everyone,Productivity,2013-09-30,2.2
File Manager -- Take Command of Your Files Easily,TOOLS,7.6,Free,0.0,Everyone,Tools,2018-08-03,5.0
Files Go by Google: Free up space on your phone,TOOLS,8.5,Free,0.0,Everyone,Tools,2018-07-18,5.0
FilterGrid - Cam&Photo Editor,PHOTOGRAPHY,9.6,Free,0.0,Everyone,Photography,2017-03-15,4.0
Filters for B Live,BEAUTY,24.0,Free,0.0,Everyone,Beauty,2018-05-14,4.0
Filters for Selfie,BEAUTY,25.0,Free,0.0,Everyone,Beauty,2018-05-10,4.0
Financial Times,NEWS_AND_MAGAZINES,8.2,Free,0.0,Everyone 10+,News & Magazines,2018-08-03,4.4
Find Dining Restaurant Finder,TRAVEL_AND_LOCAL,26.0,Free,0.0,Everyone,Travel & Local,2016-03-21,4.1
Find a Way: Addictive Puzzle,FAMILY,14.0,Free,0.0,Everyone,Puzzle,2017-06-16,4.1
Find&Save - Local Shopping,SHOPPING,6.2,Free,0.0,Everyone,Shopping,2017-12-22,4.1
FindShip,MAPS_AND_NAVIGATION,8.5,Free,0.0,Everyone,Maps & Navigation,2018-04-26,4.1
Firefox Focus: The privacy browser,COMMUNICATION,4.0,Free,0.0,Everyone,Communication,2018-07-06,5.0
Flashlight,TOOLS,4.9,Free,0.0,Everyone,Tools,2018-07-06,4.0
Flashlight - Torch LED Light,TOOLS,8.5,Free,0.0,Everyone,Tools,2018-07-07,4.1
Flickr,PHOTOGRAPHY,16.0,Free,0.0,Mature 17+,Photography,2018-07-11,4.4
Flights,TRAVEL_AND_LOCAL,3.1,Free,0.0,Everyone,Travel & Local,2018-07-26,4.1
Flip the Gun - Simulator Game,GAME,86.0,Free,0.0,Everyone,Arcade,2018-07-26,5.0
FlipaClip - Cartoon animation,ART_AND_DESIGN,39.0,Free,0.0,Everyone,Art & Design,2018-08-03,3.0
Flippy Campus - Buy & sell on campus at a discount,EDUCATION,7.4,Free,0.0,Everyone,Education,2018-03-09,4.2
FlirtChat - ‚ô•Free Dating/Flirting App‚ô•,DATING,13.0,Free,0.0,Mature 17+,Dating,2018-07-26,4.1
Flow Free,GAME,11.0,Free,0.0,Everyone,Puzzle,2018-04-11,4.1
Flowers Live Wallpaper,PERSONALIZATION,3.3,Free,0.0,Everyone,Personalization,2017-10-27,4.1
Fly Delta,TRAVEL_AND_LOCAL,46.0,Free,0.0,Everyone,Travel & Local,2018-07-31,5.0
FollowMyHealth¬Æ,MEDICAL,37.0,Free,0.0,Everyone,Medical,2018-05-10,4.4
Font Studio- Photo Texts Image,PHOTOGRAPHY,24.0,Free,0.0,Everyone,Photography,2017-06-23,4.0
Food Calorie Calculator,HEALTH_AND_FITNESS,4.0,Free,0.0,Everyone,Health & Fitness,2018-01-29,4.0
Football Live Scores,SPORTS,6.5,Free,0.0,Everyone,Sports,2018-07-31,4.0
ForecaWeather,WEATHER,5.3,Free,0.0,Everyone,Weather,2017-07-29,4.1
Fortune City - A Finance App,FINANCE,91.0,Free,0.0,Everyone,Finance,2018-07-17,4.4
Four In A Line,GAME,3.0,Free,0.0,Everyone,Board,2015-05-04,2.3
Four In A Line Free,GAME,11.0,Free,0.0,Everyone,Board,2018-06-11,4.1
Fraction Calculator Plus Free,TOOLS,11.0,Free,0.0,Everyone,Tools,2018-07-15,3.8879748691099474
Free & Premium VPN - FinchVPN,TOOLS,10.0,Free,0.0,Everyone,Tools,2018-07-05,4.1
Free Dating App & Flirt Chat - Cheers,DATING,27.0,Free,0.0,Mature 17+,Dating,2018-08-03,4.1
Free Dating App & Flirt Chat - Match with Singles,DATING,3.1,Free,0.0,Mature 17+,Dating,2018-08-04,4.0
"Free Dating App - YoCutie - Flirt, Chat & Meet",DATING,7.9,Free,0.0,Mature 17+,Dating,2018-07-10,3.0
Free Dating Hook Up Messenger,DATING,21.0,Free,0.0,Mature 17+,Dating,2017-01-27,4.2
Free Foreclosure Real Estate Search by USHUD.com,HOUSE_AND_HOME,27.0,Free,0.0,Everyone,House & Home,2018-05-29,4.4
Free Live Talk-Video Call,DATING,4.5,Free,0.0,Mature 17+,Dating,2018-07-05,3.0
Free Panda Radio Music,BOOKS_AND_REFERENCE,4.2,Free,0.0,Everyone,Books & Reference,2018-03-27,4.1
Free Sports TV,SPORTS,9.8,Free,0.0,Everyone,Sports,2018-06-21,3.0
"Free TV Shows App:News, TV Series, Episode, Movies",NEWS_AND_MAGAZINES,11.0,Free,0.0,Teen,News & Magazines,2018-08-02,4.1
Free VIN Report for Used Cars,AUTO_AND_VEHICLES,2.4,Free,0.0,Everyone,Auto & Vehicles,2018-06-12,4.0
Free live weather on screen,WEATHER,21.0,Free,0.0,Everyone,Weather,2018-08-02,4.1
"Free phone calls, free texting SMS on free number",SOCIAL,35.0,Free,0.0,Everyone,Social,2018-07-31,4.1
FreePrints ‚Äì Free Photos Delivered,PHOTOGRAPHY,37.0,Free,0.0,Everyone,Photography,2018-08-02,4.1
Freeletics: Personal Trainer & Fitness Workouts,HEALTH_AND_FITNESS,25.0,Free,0.0,Everyone,Health & Fitness,2018-08-03,5.0
Freeme Launcher‚ÄîStylish Theme,PERSONALIZATION,7.4,Free,0.0,Everyone,Personalization,2017-01-22,4.1
Fresh EBT - Food Stamp Balance,FINANCE,7.4,Free,0.0,Everyone,Finance,2018-07-24,3.0
FreshBooks Classic,BUSINESS,26.0,Free,0.0,Everyone,Business,2018-04-18,4.2
Frozen Free Fall,FAMILY,37.0,Free,0.0,Everyone,Puzzle;Action & Adventure,2018-07-27,4.2
Fruit Block - Puzzle Legend,GAME,33.0,Free,0.0,Everyone,Casual,2018-07-23,4.1
Fruit Ninja¬Æ,GAME,41.0,Free,0.0,Everyone,Arcade,2018-07-12,4.1
Fruits Bomb,GAME,17.0,Free,0.0,Everyone,Casual,2018-07-06,3.0
Full Screen Caller ID,COMMUNICATION,10.0,Free,0.0,Everyone,Communication,2018-05-15,3.0
Funny Alarm Clock Ringtones,PERSONALIZATION,14.0,Free,0.0,Everyone,Personalization,2017-03-09,3.0
Fuzzy Seasons: Animal Forest,FAMILY,63.0,Free,0.0,Everyone 10+,Simulation;Pretend Play,2018-08-06,4.1
GMAT Question Bank,EDUCATION,29.0,Free,0.0,Everyone,Education,2015-04-29,2.3
GO Notifier,COMMUNICATION,0.68,Free,0.0,Everyone,Communication,2014-07-06,2.0
"GO SMS Pro - Messenger, Free Themes, Emoji",COMMUNICATION,24.0,Free,0.0,Everyone,Communication,2018-08-01,4.0
GPS Map Free,TRAVEL_AND_LOCAL,7.6,Free,0.0,Everyone,Travel & Local,2018-07-11,4.0
GPS Speedometer and Odometer,MAPS_AND_NAVIGATION,3.3,Free,0.0,Everyone,Maps & Navigation,2018-08-03,4.1
"GPS Speedometer, Distance Meter",MAPS_AND_NAVIGATION,5.4,Free,0.0,Everyone,Maps & Navigation,2018-07-31,4.0
GPS Status & Toolbox,TRAVEL_AND_LOCAL,4.1,Free,0.0,Everyone,Travel & Local,2018-06-13,4.0
GPS Traffic Speedcam Route Planner by ViaMichelin,MAPS_AND_NAVIGATION,29.0,Free,0.0,Everyone,Maps & Navigation,2018-07-28,3.0
GRE Tutor,EDUCATION,2.3,Free,0.0,Everyone,Education,2013-12-02,2.1
GS SHOP,SHOPPING,15.0,Free,0.0,Everyone,Shopping,2018-08-03,4.1
GUNSHIP BATTLE: Helicopter 3D,GAME,75.0,Free,0.0,Teen,Action,2018-08-01,3.0
Galactic Core Free Wallpaper,PERSONALIZATION,0.83,Free,0.0,Everyone,Personalization,2014-05-01,2.1
Game of Thrones: Conquest‚Ñ¢,GAME,97.0,Free,0.0,Teen,Strategy,2018-08-03,6.0
"Gametime - Tickets to Sports, Concerts, Theater",EVENTS,24.0,Free,0.0,Everyone,Events,2018-07-17,5.0
Garden Coloring Book,ART_AND_DESIGN,33.0,Free,0.0,Everyone,Art & Design,2017-09-20,3.0
Garden Fruit Legend,FAMILY,33.0,Free,0.0,Everyone,Casual;Brain Games,2018-07-31,3.0
Garden Photo Frames - Garden Photo Editor,PHOTOGRAPHY,13.0,Free,0.0,Everyone,Photography,2018-05-03,3.0
Garena Free Fire,GAME,53.0,Free,0.0,Teen,Action,2018-08-03,3.0
GasBuddy: Find Cheap Gas,TRAVEL_AND_LOCAL,42.0,Free,0.0,Mature 17+,Travel & Local,2018-08-02,4.4
Gay Sugar Daddy Dating & Hookup ‚Äì Sudy Gay,DATING,41.0,Free,0.0,Mature 17+,Dating,2018-06-20,3.0
Gems or jewels ?,GAME,13.0,Free,0.0,Teen,Puzzle,2018-08-03,4.0
GoBank,FINANCE,12.0,Free,0.0,Everyone,Finance,2018-06-01,4.1
GoPro (formerly Capture),PHOTOGRAPHY,47.0,Free,0.0,Everyone,Photography,2018-05-24,5.0
Goal Live Scores,SPORTS,35.0,Free,0.0,Everyone,Sports,2018-06-11,3.0
Goku Wallpaper Art,PERSONALIZATION,38.0,Free,0.0,Everyone,Personalization,2018-07-13,4.1
Gold Butterfly Keyboard Theme,HOUSE_AND_HOME,9.1,Free,0.0,Everyone,House & Home,2018-07-12,3.0
Golden Dictionary (EN-AR),BOOKS_AND_REFERENCE,6.1,Free,0.0,Everyone,Books & Reference,2018-07-19,4.2
Golden Launcher,PERSONALIZATION,12.0,Free,0.0,Everyone,Personalization,2018-07-31,4.2
Golf Channel,SPORTS,88.0,Free,0.0,Everyone,Sports,2018-05-30,4.1
GolfLogix GPS + Putt Breaks,SPORTS,61.0,Free,0.0,Everyone,Sports,2018-06-21,3.0
Golfshot Plus: Golf GPS,SPORTS,25.0,Paid,29.99,Everyone,Sports,2018-07-11,4.1
Golfshot: Golf GPS + Tee Times,SPORTS,25.0,Free,0.0,Everyone,Sports,2018-07-11,4.1
GoodRx Drug Prices and Coupons,MEDICAL,11.0,Free,0.0,Everyone,Medical,2018-07-26,4.1
Google Ads,BUSINESS,20.0,Free,0.0,Everyone,Business,2018-07-30,3.0
Google News,NEWS_AND_MAGAZINES,13.0,Free,0.0,Teen,News & Magazines,2018-08-01,4.4
Google Primer,BUSINESS,18.0,Free,0.0,Everyone,Business,2018-06-26,4.1
Granny,GAME,59.0,Free,0.0,Teen,Arcade,2018-05-29,4.0
Graphing Calculator,TOOLS,5.3,Free,0.0,Everyone,Tools,2016-04-01,2.3
Grim Soul: Dark Fantasy Survival,GAME,95.0,Free,0.0,Teen,Role Playing,2018-07-18,4.1
Groovebook Photo Books & Gifts,PHOTOGRAPHY,36.0,Free,0.0,Everyone,Photography,2018-01-31,3.0
Grubhub: Food Delivery,FOOD_AND_DRINK,35.0,Free,0.0,Everyone,Food & Drink,2018-08-02,5.0
Guns of Glory,GAME,77.0,Free,0.0,Everyone 10+,Strategy,2018-07-31,3.0
Gyft - Mobile Gift Card Wallet,SHOPPING,14.0,Free,0.0,Everyone,Shopping,2018-07-25,4.4
H Pack,LIFESTYLE,1.7,Free,0.0,Everyone,Lifestyle,2016-12-17,3.0
H TV,ENTERTAINMENT,5.6,Free,0.0,Everyone,Entertainment,2018-07-05,2.3
H&M,LIFESTYLE,14.0,Free,0.0,Everyone,Lifestyle,2018-07-30,4.4
HBO GO: Stream with TV Package,FAMILY,32.0,Free,0.0,Teen,Entertainment,2018-07-19,4.1
HD Camera,PHOTOGRAPHY,8.7,Free,0.0,Everyone,Photography,2018-07-11,4.2
HD Camera - Best Cam with filters & panorama,PHOTOGRAPHY,9.7,Free,0.0,Everyone,Photography,2018-07-26,4.2
HD Camera - Quick Snap Photo & Video,PHOTOGRAPHY,7.7,Free,0.0,Everyone,Photography,2018-07-24,4.2
HD Camera Pro for Android,PHOTOGRAPHY,1.9,Free,0.0,Everyone,Photography,2017-01-19,2.1
HD Camera Ultra,PHOTOGRAPHY,1.5,Free,0.0,Everyone,Photography,2015-10-17,3.8879748691099474
HD Camera for Android,PHOTOGRAPHY,4.0,Free,0.0,Everyone,Photography,2018-06-29,4.2
HD Movie Video Player,VIDEO_PLAYERS,4.1,Free,0.0,Everyone,Video Players & Editors,2018-03-27,3.0
HD Video Player,VIDEO_PLAYERS,2.9,Free,0.0,Everyone,Video Players & Editors,2018-07-25,4.1
HD Widgets,PERSONALIZATION,26.0,Paid,0.99,Everyone,Personalization,2016-12-07,4.4
HESI A2 Pocket Prep,MEDICAL,28.0,Free,0.0,Everyone,Medical,2018-05-02,4.4
HISTORY: Watch TV Show Full Episodes & Specials,ENTERTAINMENT,20.0,Free,0.0,Teen,Entertainment,2018-07-16,4.4
HTC Sense Input-AR,TOOLS,2.7,Free,0.0,Everyone,Tools,2014-04-22,4.1
HTC Service Ôºç DLNA,VIDEO_PLAYERS,3.0,Free,0.0,Everyone,Video Players & Editors,2015-12-03,5.0
HTC Social Plugin - Facebook,SOCIAL,2.8,Free,0.0,Mature 17+,Social,2016-06-08,4.4
HTC Speak,LIFESTYLE,13.0,Free,0.0,Everyone,Lifestyle,2016-06-30,5.0
Hacker's Keyboard,PRODUCTIVITY,1.2,Free,0.0,Everyone,Productivity,2016-12-11,2.2
Hairstyles step by step,BEAUTY,14.0,Free,0.0,Everyone,Beauty,2018-07-25,3.0
Hamilton ‚Äî The Official App,ENTERTAINMENT,43.0,Free,0.0,Everyone,Entertainment,2018-07-13,5.0
Happify,HEALTH_AND_FITNESS,37.0,Free,0.0,Everyone,Health & Fitness,2018-07-24,4.4
Happy Birthday Songs Offline,EVENTS,8.9,Free,0.0,Everyone,Events,2017-12-04,4.1
Happy Fruits Bomb - Cube Blast,FAMILY,20.0,Free,0.0,Everyone,Casual;Brain Games,2018-02-01,3.0
Harkins Theatres,ENTERTAINMENT,12.0,Free,0.0,Everyone,Entertainment,2018-06-11,4.1
HauteLook,SHOPPING,7.3,Free,0.0,Everyone,Shopping,2018-07-13,4.4
Hay Day,FAMILY,94.0,Free,0.0,Everyone,Casual,2018-06-28,3.0
Headspace: Meditation & Mindfulness,HEALTH_AND_FITNESS,39.0,Free,0.0,Everyone,Health & Fitness,2018-07-23,4.2
Health and Nutrition Guide,HEALTH_AND_FITNESS,3.3,Free,0.0,Everyone,Health & Fitness,2018-07-15,4.0
HealtheLife,MEDICAL,7.7,Free,0.0,Everyone,Medical,2018-01-02,4.4
Healthy Recipes Free,FOOD_AND_DRINK,17.0,Free,0.0,Everyone,Food & Drink,2017-10-18,3.0
Helix Jump,GAME,33.0,Free,0.0,Everyone,Action,2018-04-09,4.1
Hello Kitty Lunchbox,FAMILY,15.0,Free,0.0,Everyone,Casual;Creativity,2017-11-21,4.1
Hello Kitty Nail Salon,FAMILY,24.0,Free,0.0,Everyone,Casual;Pretend Play,2018-04-17,4.1
Hello Stars,GAME,31.0,Free,0.0,Everyone,Puzzle,2018-08-04,4.1
"HelloTalk ‚Äî Chat, Speak & Learn Foreign Languages",EDUCATION,41.0,Free,0.0,Everyone,Education,2018-07-25,4.1
Hero Hunters,GAME,99.0,Free,0.0,Teen,Action,2018-07-31,4.4
"Herpes Dating: 1,000K+ Singles",DATING,27.0,Free,0.0,Mature 17+,Dating,2018-08-01,4.1
Herpes Positive Singles Dating,DATING,28.0,Free,0.0,Mature 17+,Dating,2018-05-18,4.1
"Hide App, Private Dating, Safe Chat - PrivacyHider",DATING,7.2,Free,0.0,Everyone,Dating,2018-05-21,4.0
"Hide Something - Photo, Video",SOCIAL,5.3,Free,0.0,Everyone,Social,2018-06-13,4.1
Hideman VPN,TOOLS,9.6,Free,0.0,Everyone,Tools,2018-07-24,4.0
High Blood Pressure Symptoms,MEDICAL,2.3,Free,0.0,Everyone,Medical,2015-01-18,3.0
"High-Speed Camera (GIF,Burst)",PHOTOGRAPHY,10.0,Free,0.0,Everyone,Photography,2018-02-11,3.0
Hill Climb Racing,GAME,63.0,Free,0.0,Everyone,Racing,2018-07-02,4.2
"Hily: Dating, Chat, Match, Meet & Hook up",DATING,56.0,Free,0.0,Mature 17+,Dating,2018-08-01,4.1
Hinge: Dating & Relationships,DATING,12.0,Free,0.0,Mature 17+,Dating,2018-08-03,5.0
HipChat - Chat Built for Teams,BUSINESS,20.0,Free,0.0,Everyone,Business,2018-07-03,4.1
Hipmunk Hotels & Flights,TRAVEL_AND_LOCAL,10.0,Free,0.0,Everyone,Travel & Local,2018-07-31,5.0
Hitwe - meet people and chat,DATING,21.0,Free,0.0,Mature 17+,Dating,2018-05-10,4.1
Home Decor Showpiece Art making: Medium Difficulty,HOUSE_AND_HOME,7.0,Free,0.0,Everyone,House & Home,2018-05-30,3.0
Home Scouting¬Æ MLS Mobile,LIFESTYLE,7.7,Free,0.0,Everyone,Lifestyle,2016-09-27,2.2
Home Workout - No Equipment,HEALTH_AND_FITNESS,15.0,Free,0.0,Everyone,Health & Fitness,2018-06-28,3.8879748691099474
Home Workout for Men - Bodybuilding,HEALTH_AND_FITNESS,15.0,Free,0.0,Everyone,Health & Fitness,2018-07-10,4.0
"Home workouts - fat burning, abs, legs, arms,chest",HEALTH_AND_FITNESS,13.0,Free,0.0,Everyone,Health & Fitness,2018-07-18,4.1
HomeWork,EDUCATION,5.2,Free,0.0,Everyone,Education,2016-09-20,4.0
"Homes.com üè† For Sale, Rent",HOUSE_AND_HOME,18.0,Free,0.0,Everyone,House & Home,2018-07-28,4.1
Homesnap Real Estate & Rentals,HOUSE_AND_HOME,30.0,Free,0.0,Everyone,House & Home,2018-07-31,4.2
Homestyler Interior Design & Decorating Ideas,LIFESTYLE,29.0,Free,0.0,Everyone,Lifestyle,2018-08-02,4.1
Homework Planner,EDUCATION,1.2,Free,0.0,Everyone,Education,2015-01-11,4.0
Honkai Impact 3rd,GAME,82.0,Free,0.0,Teen,Action,2018-07-03,4.3
Horoscopes ‚Äì Daily Zodiac Horoscope and Astrology,LIFESTYLE,11.0,Free,0.0,Everyone 10+,Lifestyle,2018-06-25,3.0
Horses Live Wallpaper,PERSONALIZATION,7.1,Free,0.0,Everyone,Personalization,2018-05-22,4.1
Hostelworld: Hostels & Cheap Hotels Travel App,TRAVEL_AND_LOCAL,28.0,Free,0.0,Everyone,Travel & Local,2018-07-16,4.1
Hotels Combined - Cheap deals,TRAVEL_AND_LOCAL,12.0,Free,0.0,Everyone,Travel & Local,2017-11-13,4.1
Hotspot Shield Free VPN Proxy & Wi-Fi Security,TOOLS,8.2,Free,0.0,Everyone,Tools,2018-08-06,4.1
